ISBN,Cover-url,Product-URL
9786161404802,https://storage.naiin.com/system/application/bookstore/resource/product/202307/584072/1000262531_front_XXL.jpg?imgname=ฆาตกรรมปิดตายบนภูเขาหิมะ,https://www.naiin.com/product/detail/584072
9786161405045,https://storage.naiin.com/system/application/bookstore/resource/product/202309/590779/1000265107_front_XXL.jpg?imgname=ณ-คืนตำรวจจราจร,https://www.naiin.com/product/detail/590779
9786161404635,https://storage.naiin.com/system/application/bookstore/resource/product/202303/574438/1000259539_front_XXL.jpg?imgname=ฆาตกรรมบ้านพักหน้ากากมนุษย์,https://www.naiin.com/product/detail/574438
2072408750137,https://storage.naiin.com/system/application/bookstore/resource/product/202412/633925/1000278542_front_XXL.jpg?imgname=คุณชิกิโมริไม่ได้น่ารักแค่อย่างเดียวนะ-เล่ม-13,https://www.naiin.com/product/detail/633925
9786161404994,https://storage.naiin.com/system/application/bookstore/resource/product/202306/582826/1000262071_front_XXL.jpg?imgname=ตุ๊กตาปิเอโรในคฤหาสน์กางเขน,https://www.naiin.com/product/detail/582826
9786161404260,https://storage.naiin.com/system/application/bookstore/resource/product/202301/570723/1000258425_front_XXL.jpg?imgname=ม่านภาวนา,https://www.naiin.com/product/detail/570723
9786161406783,https://storage.naiin.com/system/application/bookstore/resource/product/202506/649494/1000282647_front_XXL.jpg?imgname=ฝนหนาวที่คอสตาริกา,https://www.naiin.com/product/detail/649494
9786161871451,https://storage.naiin.com/system/application/bookstore/resource/product/202411/629582/1000277574_front_XXL.jpg?imgname=มนุษย์ตุ๊กตา-(ฉบับเปลี่ยนปก),https://www.naiin.com/product/detail/629582
9786161406479,https://storage.naiin.com/system/application/bookstore/resource/product/202503/643115/1000281156_front_XXL.jpg?imgname=ปริศนา-นักสืบ-ความลับ,https://www.naiin.com/product/detail/643115
9786161405069,https://storage.naiin.com/system/application/bookstore/resource/product/202308/586999/1000263880_front_XXL.jpg?imgname=คมมีดลงทัณฑ์,https://www.naiin.com/product/detail/586999
9786161406028,https://storage.naiin.com/system/application/bookstore/resource/product/202410/625762/1000276222_front_XXL.jpg?imgname=คุณฆ่าคนตาย,https://www.naiin.com/product/detail/625762
9786168332528,https://storage.naiin.com/system/application/bookstore/resource/product/202410/624929/1000275996_front_XXL.jpg?imgname=เทพธิดาต้นการบูร,https://www.naiin.com/product/detail/624929
9786161405663,https://storage.naiin.com/system/application/bookstore/resource/product/202403/607694/1000270846_front_XXL.jpg?imgname=กลลวงซ่อนตาย-(ฉบับแปลใหม่),https://www.naiin.com/product/detail/607694
2072408020124,https://storage.naiin.com/system/application/bookstore/resource/product/202408/621433/1000274866_front_XXL.jpg?imgname=คุณชิกิโมริไม่ได้น่ารักแค่อย่างเดียวนะ-เล่ม-12,https://www.naiin.com/product/detail/621433
9786168332313,https://storage.naiin.com/system/application/bookstore/resource/product/202403/606446/1000270301_front_XXL.jpg?imgname=ความลับ-(Bibli),https://www.naiin.com/product/detail/606446
9786162876325,https://storage.naiin.com/system/application/bookstore/resource/product/202311/597690/1000267509_front_XXL.jpg?imgname=ปริศนาฆาตกรรมในคืนร้อยหน้ากาก-(Masquerade-Night),https://www.naiin.com/product/detail/597690
2072300370112,https://storage.naiin.com/system/application/bookstore/resource/product/202312/600155/1000268185_front_XXL.jpg?imgname=คุณชิกิโมริไม่ได้น่ารักแค่อย่างเดียวนะ-เล่ม-11,https://www.naiin.com/product/detail/600155
9786162875922,https://storage.naiin.com/system/application/bookstore/resource/product/202311/597692/1000267507_front_XXL.jpg?imgname=พิกัดต่อไปใครเป็นศพ?-(ปกใหม่)-(MASQUERADE-HOTEL),https://www.naiin.com/product/detail/597692
9786162875915,https://storage.naiin.com/system/application/bookstore/resource/product/202311/597694/1000267508_front_XXL.jpg?imgname=พิกัดต่อไปใครเป็นศพ?-ตอนลางร้ายใต้หน้ากาก-(ฉบับปรับปรุง)-(MASQUERADE-EVE),https://www.naiin.com/product/detail/597694
9786161404734,https://storage.naiin.com/system/application/bookstore/resource/product/202303/574439/1000259540_front_XXL.jpg?imgname=เพื่อนร่วมชั้น,https://www.naiin.com/product/detail/574439
9786161404680,https://storage.naiin.com/system/application/bookstore/resource/product/202303/574441/1000259541_front_XXL.jpg?imgname=ลูกขว้างปีศาจ,https://www.naiin.com/product/detail/574441
9786161404079,https://storage.naiin.com/system/application/bookstore/resource/product/202211/564775/1000255940_front_XXL.jpg?imgname=คืนมายา,https://www.naiin.com/product/detail/564775
9786161403720,https://storage.naiin.com/system/application/bookstore/resource/product/202206/551105/1000250064_front_XXL.jpg?imgname=ปมฆ่าใต้ปีกกิเลน,https://www.naiin.com/product/detail/551105
9786168110423,https://storage.naiin.com/system/application/bookstore/resource/product/202204/546884/1000248071_front_XXL.jpg?imgname=คืนฆาตกรรมไร้ฆาตกร,https://www.naiin.com/product/detail/546884
9786161403706,https://storage.naiin.com/system/application/bookstore/resource/product/202206/549799/1000249333_front_XXL.jpg?imgname=หงส์ขาวกับค้างคาว,https://www.naiin.com/product/detail/549799
9786169373148,https://storage.naiin.com/system/application/bookstore/resource/product/202203/545578/1000247314_front_XXL.jpg?imgname=ฆาตกรรม-11-อักษร,https://www.naiin.com/product/detail/545578
9786169373155,https://storage.naiin.com/system/application/bookstore/resource/product/202203/545575/1000247273_front_XXL.jpg?imgname=อาวุธแสนสวย,https://www.naiin.com/product/detail/545575
9786161403638,https://storage.naiin.com/system/application/bookstore/resource/product/202112/538669/1000245641_front_XXL.jpg?imgname=คุณป้าซานต้า,https://www.naiin.com/product/detail/538669
9786161403591,https://storage.naiin.com/system/application/bookstore/resource/product/202110/534580/1000243976_front_XXL.jpg?imgname=ผู้มาเยือน,https://www.naiin.com/product/detail/534580
9786168110355,https://storage.naiin.com/system/application/bookstore/resource/product/202110/535033/1000244238_front_XXL.jpg?imgname=ปริศนามรณะฮากูบะซันโซ,https://www.naiin.com/product/detail/535033
9786161403560,https://storage.naiin.com/system/application/bookstore/resource/product/202108/531570/1000242591_front_XXL.jpg?imgname=โกหก-น่า-ตาย-(ซีรีส์นักสืบคางะ-เคียวอิจิโร่-ลำดับที่-6),https://www.naiin.com/product/detail/531570
9786161403423,https://storage.naiin.com/system/application/bookstore/resource/product/202104/524545/1000240522_front_XXL.jpg?imgname=ป่านิทรา,https://www.naiin.com/product/detail/524545
9786168110270,https://storage.naiin.com/system/application/bookstore/resource/product/202012/518515/1000238580_front_XXL.jpg?imgname=คดีฆาตกรรมเรือนระเบียงวน,https://www.naiin.com/product/detail/518515
9786168293034,https://storage.naiin.com/system/application/bookstore/resource/product/202011/517307/1000237936_front_XXL.jpg?imgname=รหัสลับพันธุกรรมฆาตกร-PLATINA-DATA,https://www.naiin.com/product/detail/517307
9786168293010,https://storage.naiin.com/system/application/bookstore/resource/product/202009/512070/1000235705_front_XXL.jpg?imgname=ผู้พิทักษ์ต้นการบูร,https://www.naiin.com/product/detail/512070
9786161403300,https://storage.naiin.com/system/application/bookstore/resource/product/202010/512568/1000235917_front_XXL.jpg?imgname=กฎยอดนักสืบ,https://www.naiin.com/product/detail/512568
9786162874086,https://storage.naiin.com/system/application/bookstore/resource/product/202007/509040/1000234131_front_XXL.jpg?imgname=ลาปลาซ-ทฤษฎีฆ่าเหนือธรรมชาติ,https://www.naiin.com/product/detail/509040
9786164480278,https://storage.naiin.com/system/application/bookstore/resource/product/201911/494233/1000227268_front_XXL.jpg?imgname=บ้านดับจิต,https://www.naiin.com/product/detail/494233
9786164480162,https://storage.naiin.com/system/application/bookstore/resource/product/201905/478288/1000218836_front_XXL.jpg?imgname=สมการกลางฤดูร้อน,https://www.naiin.com/product/detail/478288
9786162872600,https://storage.naiin.com/system/application/bookstore/resource/product/201804/233134/1000206488_front_XXL.jpg?imgname=ปาฏิหาริย์ร้านชำของคุณนามิยะ-โดย-ฮิงาชิโนะ-เคโงะ,https://www.naiin.com/product/detail/233134
9786161402921,https://storage.naiin.com/system/application/bookstore/resource/product/201803/231466/1000205596_front_XXL.jpg?imgname=พิษรักสั่งตาย,https://www.naiin.com/product/detail/231466
9786161406790,https://storage.naiin.com/system/application/bookstore/resource/product/202507/663528/6000113597_front_XXL.jpg?imgname=ฝนหนาวที่คอสตาริกา,https://www.naiin.com/product/detail/663528
9786161406462,https://storage.naiin.com/system/application/bookstore/resource/product/202504/643945/6000109546_front_XXL.jpg?imgname=ปริศนา-นักสืบ-ความลับ,https://www.naiin.com/product/detail/643945
9000128072,https://storage.naiin.com/system/application/bookstore/resource/product/202501/634588/6000104588_front_XXL.jpg?imgname=คุณฆ่าคนตาย,https://www.naiin.com/product/detail/634588
9786161872571,https://storage.naiin.com/system/application/bookstore/resource/product/202411/629727/6000101298_front_XXL.jpg?imgname=มนุษย์ตุ๊กตา-(ฉบับเปลี่ยนปก),https://www.naiin.com/product/detail/629727
9786161862732,https://storage.naiin.com/system/application/bookstore/resource/product/202312/599171/6000084533_front_XXL.jpg?imgname=มนุษย์ตุ๊กตา,https://www.naiin.com/product/detail/599171
9786161405755,https://storage.naiin.com/system/application/bookstore/resource/product/202404/609934/6000090791_front_XXL.jpg?imgname=กลลวงซ่อนตาย-(ฉบับแปลใหม่),https://www.naiin.com/product/detail/609934
9786161403546,https://storage.naiin.com/system/application/bookstore/resource/product/202309/591236/6000080338_front_XXL.jpg?imgname=ประตูฆาตกร,https://www.naiin.com/product/detail/591236
9786161405137,https://storage.naiin.com/system/application/bookstore/resource/product/202309/591294/6000080447_front_XXL.jpg?imgname=ตุ๊กตาปิเอโรในคฤหาสน์กางเขน,https://www.naiin.com/product/detail/591294
9786161405175,https://storage.naiin.com/system/application/bookstore/resource/product/202309/591215/6000080449_front_XXL.jpg?imgname=คมมีดลงทัณฑ์,https://www.naiin.com/product/detail/591215
9786161403454,https://storage.naiin.com/system/application/bookstore/resource/product/202309/591228/6000080339_front_XXL.jpg?imgname=รักข้างเดียว,https://www.naiin.com/product/detail/591228
9786161403461,https://storage.naiin.com/system/application/bookstore/resource/product/202309/591292/6000080340_front_XXL.jpg?imgname=อวตาร,https://www.naiin.com/product/detail/591292
9786161404130,https://storage.naiin.com/system/application/bookstore/resource/product/202309/591223/6000080373_front_XXL.jpg?imgname=คุณป้าซานต้า,https://www.naiin.com/product/detail/591223
9786161404154,https://storage.naiin.com/system/application/bookstore/resource/product/202309/591212/6000080374_front_XXL.jpg?imgname=คืนมายา,https://www.naiin.com/product/detail/591212
9786161404123,https://storage.naiin.com/system/application/bookstore/resource/product/202309/591233/6000080369_front_XXL.jpg?imgname=ความลับกาลิเลโอ,https://www.naiin.com/product/detail/591233
9786161403508,https://storage.naiin.com/system/application/bookstore/resource/product/202309/591260/6000080361_front_XXL.jpg?imgname=หน้าที่กับนาทีชีวิต,https://www.naiin.com/product/detail/591260
9786161403881,https://storage.naiin.com/system/application/bookstore/resource/product/202209/559322/6000064897_front_XXL.jpg?imgname=ผู้มาเยือน,https://www.naiin.com/product/detail/559322
9786161403782,https://storage.naiin.com/system/application/bookstore/resource/product/202209/559332/6000064818_front_XXL.jpg?imgname=หงส์ขาวกับค้างคาว,https://www.naiin.com/product/detail/559332
9786161403812,https://storage.naiin.com/system/application/bookstore/resource/product/202209/559320/6000064820_front_XXL.jpg?imgname=ลมไล่ล่าหิมะพาหนี,https://www.naiin.com/product/detail/559320
9786161403850,https://storage.naiin.com/system/application/bookstore/resource/product/202209/559331/6000064892_front_XXL.jpg?imgname=ฆาตกรรมเหนือเมฆ,https://www.naiin.com/product/detail/559331
9786161403898,https://storage.naiin.com/system/application/bookstore/resource/product/202209/559309/6000064901_front_XXL.jpg?imgname=พระอาทิตย์เที่ยงคืน,https://www.naiin.com/product/detail/559309
9786161403874,https://storage.naiin.com/system/application/bookstore/resource/product/202209/559328/6000064895_front_XXL.jpg?imgname=ป่านิทรา,https://www.naiin.com/product/detail/559328
9786161403775,https://storage.naiin.com/system/application/bookstore/resource/product/202209/559339/6000064891_front_XXL.jpg?imgname=ปมฆ่าใต้ปีกกิเลน,https://www.naiin.com/product/detail/559339
9786161403911,https://storage.naiin.com/system/application/bookstore/resource/product/202209/559324/6000064896_front_XXL.jpg?imgname=โกหกน่าตาย,https://www.naiin.com/product/detail/559324
9786161403867,https://storage.naiin.com/system/application/bookstore/resource/product/202209/559323/6000064898_front_XXL.jpg?imgname=ด้ายแห่งความหวัง,https://www.naiin.com/product/detail/559323
9786161403799,https://storage.naiin.com/system/application/bookstore/resource/product/202209/559334/6000064819_front_XXL.jpg?imgname=กอนโดลาเร้นรัก,https://www.naiin.com/product/detail/559334
9786161403836,https://storage.naiin.com/system/application/bookstore/resource/product/202209/559333/6000064899_front_XXL.jpg?imgname=โทคิโอะ,https://www.naiin.com/product/detail/559333
9786161403195,https://storage.naiin.com/system/application/bookstore/resource/product/202102/520070/6000044633_front_XXL.jpg?imgname=กาลิเลโอไขคดีสืบวิญญาณ,https://www.naiin.com/product/detail/520070
9786164480322,https://storage.naiin.com/system/application/bookstore/resource/product/202102/520068/6000044629_front_XXL.jpg?imgname=พิษรักสั่งตาย,https://www.naiin.com/product/detail/520068
9786161403201,https://storage.naiin.com/system/application/bookstore/resource/product/202102/520062/6000044628_front_XXL.jpg?imgname=พาเหรดแห่งความเงียบงัน,https://www.naiin.com/product/detail/520062
9786164480339,https://storage.naiin.com/system/application/bookstore/resource/product/202102/520060/6000044624_front_XXL.jpg?imgname=เกมรักพาตัว,https://www.naiin.com/product/detail/520060
9786161403188,https://storage.naiin.com/system/application/bookstore/resource/product/202102/520067/6000044636_front_XXL.jpg?imgname=เวทมนตร์ต้องห้าม,https://www.naiin.com/product/detail/520067
9786161403218,https://storage.naiin.com/system/application/bookstore/resource/product/202102/520069/6000044635_front_XXL.jpg?imgname=สมการกลางฤดูร้อน,https://www.naiin.com/product/detail/520069
9786161403171,https://storage.naiin.com/system/application/bookstore/resource/product/202102/520075/6000044631_front_XXL.jpg?imgname=กาลิเลโอไขคดียุ่งเหยิง,https://www.naiin.com/product/detail/520075
9786161403225,https://storage.naiin.com/system/application/bookstore/resource/product/202102/520061/6000044634_front_XXL.jpg?imgname=กาลิเลโอไขคดีปริศนาลวงตา,https://www.naiin.com/product/detail/520061
9786161403232,https://storage.naiin.com/system/application/bookstore/resource/product/202102/520065/6000044632_front_XXL.jpg?imgname=กาลิเลโอไขคดี,https://www.naiin.com/product/detail/520065
9786161404031,https://storage.naiin.com/system/application/bookstore/resource/product/202210/562310/1000255215_front_XXL.jpg?imgname=ความลับกาลิเลโอ,https://www.naiin.com/product/detail/562310
2072103750104,https://storage.naiin.com/system/application/bookstore/resource/product/202209/561049/1000254279_front_XXL.jpg?imgname=คุณชิกิโมริไม่ได้น่ารักแค่อย่างเดียวนะ10,https://www.naiin.com/product/detail/561049
2072103740099,https://storage.naiin.com/system/application/bookstore/resource/product/202208/558220/1000253597_front_XXL.jpg?imgname=คุณชิกิโมริไม่ได้น่ารักแค่อย่างเดียวนะ-9,https://www.naiin.com/product/detail/558220
9786161403447,https://storage.naiin.com/system/application/bookstore/resource/product/202203/543418/1000247184_front_XXL.jpg?imgname=Box-พระอาทิตย์เที่ยงคืน-เล่ม-1-2-(2เล่มจบ),https://www.naiin.com/product/detail/543418
